,Artists,artist_uri,Songs,danceability,energy,genre
0,,spotify:artist:33ScadVnbm2X8kkUqOkC6Z,,0.818,0.869,"['latin', 'latin hip hop', 'puerto rican pop', 'reggaeton', 'tropical']"
1,Hobo Johnson,spotify:artist:05SdqPzK4m3k1ljK2wrTSP,Happiness,0.638,0.46,"['emo rap', 'pop rap', 'sacramento hip hop']"
2,Bruno Major,spotify:artist:0hDjKSKjl1DC7ovYTDJHe8,Nothing,0.555,0.27,"['indie r&b', 'pop']"
3,The Used,spotify:artist:55VydwMyCuGcavwPuhutPL,Take It Away,0.275,0.893,"['emo', 'post-hardcore', 'screamo']"
4,Hozier,spotify:artist:2FXC3k01G6Gw61bmprjgqS,Nina Cried Power,0.365,0.875,"['irish singer-songwriter', 'pop']"
5,Hozier,spotify:artist:2FXC3k01G6Gw61bmprjgqS,Almost (Sweet Music),0.523,0.687,"['irish singer-songwriter', 'pop']"
6,Hozier,spotify:artist:2FXC3k01G6Gw61bmprjgqS,Movement,0.381,0.502,"['irish singer-songwriter', 'pop']"
7,Hozier,spotify:artist:2FXC3k01G6Gw61bmprjgqS,No Plan,0.456,0.75,"['irish singer-songwriter', 'pop']"
8,Hozier,spotify:artist:2FXC3k01G6Gw61bmprjgqS,Nobody,0.677,0.833,"['irish singer-songwriter', 'pop']"
9,Hozier,spotify:artist:2FXC3k01G6Gw61bmprjgqS,To Noise Making (Sing),0.619,0.556,"['irish singer-songwriter', 'pop']"
10,Hozier,spotify:artist:2FXC3k01G6Gw61bmprjgqS,As It Was,0.398,0.154,"['irish singer-songwriter', 'pop']"
11,Hozier,spotify:artist:2FXC3k01G6Gw61bmprjgqS,Shrike,0.506,0.275,"['irish singer-songwriter', 'pop']"
12,Hozier,spotify:artist:2FXC3k01G6Gw61bmprjgqS,Talk,0.397,0.538,"['irish singer-songwriter', 'pop']"
13,Hozier,spotify:artist:2FXC3k01G6Gw61bmprjgqS,Be,0.227,0.798,"['irish singer-songwriter', 'pop']"
14,Hozier,spotify:artist:2FXC3k01G6Gw61bmprjgqS,Dinner & Diatribes,0.499,0.769,"['irish singer-songwriter', 'pop']"
15,Hozier,spotify:artist:2FXC3k01G6Gw61bmprjgqS,Would That I,0.521,0.526,"['irish singer-songwriter', 'pop']"
16,Hozier,spotify:artist:2FXC3k01G6Gw61bmprjgqS,Sunlight,0.464,0.559,"['irish singer-songwriter', 'pop']"
17,Hozier,spotify:artist:2FXC3k01G6Gw61bmprjgqS,"Wasteland, Baby!",0.427,0.407,"['irish singer-songwriter', 'pop']"
18,Hozier,spotify:artist:2FXC3k01G6Gw61bmprjgqS,Take Me To Church,0.456,0.67,"['irish singer-songwriter', 'pop']"
19,Hozier,spotify:artist:2FXC3k01G6Gw61bmprjgqS,Angel Of Small Death & The Codeine Scene,0.416,0.643,"['irish singer-songwriter', 'pop']"
20,Hozier,spotify:artist:2FXC3k01G6Gw61bmprjgqS,Jackie And Wilson,0.56,0.728,"['irish singer-songwriter', 'pop']"
21,Hozier,spotify:artist:2FXC3k01G6Gw61bmprjgqS,Someone New,0.604,0.53,"['irish singer-songwriter', 'pop']"
22,Hozier,spotify:artist:2FXC3k01G6Gw61bmprjgqS,To Be Alone,0.56,0.446,"['irish singer-songwriter', 'pop']"
23,Hozier,spotify:artist:2FXC3k01G6Gw61bmprjgqS,From Eden,0.394,0.68,"['irish singer-songwriter', 'pop']"
24,Hozier,spotify:artist:2FXC3k01G6Gw61bmprjgqS,In A Week,0.478,0.276,"['irish singer-songwriter', 'pop']"
25,Hozier,spotify:artist:2FXC3k01G6Gw61bmprjgqS,Sedated,0.548,0.615,"['irish singer-songwriter', 'pop']"
26,Hozier,spotify:artist:2FXC3k01G6Gw61bmprjgqS,Work Song,0.532,0.389,"['irish singer-songwriter', 'pop']"
27,Hozier,spotify:artist:2FXC3k01G6Gw61bmprjgqS,Like Real People Do,0.543,0.17,"['irish singer-songwriter', 'pop']"
28,Hozier,spotify:artist:2FXC3k01G6Gw61bmprjgqS,It Will Come Back,0.336,0.445,"['irish singer-songwriter', 'pop']"
29,Hozier,spotify:artist:2FXC3k01G6Gw61bmprjgqS,Foreigner's God,0.33,0.461,"['irish singer-songwriter', 'pop']"
30,Hozier,spotify:artist:2FXC3k01G6Gw61bmprjgqS,Cherry Wine - Live,0.553,0.11,"['irish singer-songwriter', 'pop']"
31,Hozier,spotify:artist:2FXC3k01G6Gw61bmprjgqS,In The Woods Somewhere,0.357,0.419,"['irish singer-songwriter', 'pop']"
32,Hozier,spotify:artist:2FXC3k01G6Gw61bmprjgqS,Run,0.486,0.394,"['irish singer-songwriter', 'pop']"
33,Hozier,spotify:artist:2FXC3k01G6Gw61bmprjgqS,Arsonist's Lullabye,0.362,0.421,"['irish singer-songwriter', 'pop']"
34,Hozier,spotify:artist:2FXC3k01G6Gw61bmprjgqS,My Love Will Never Die,0.482,0.0554,"['irish singer-songwriter', 'pop']"
35,Hozier,spotify:artist:2FXC3k01G6Gw61bmprjgqS,From Eden - Live,0.398,0.802,"['irish singer-songwriter', 'pop']"
36,Hozier,spotify:artist:2FXC3k01G6Gw61bmprjgqS,Jackie And Wilson - Live,0.254,0.799,"['irish singer-songwriter', 'pop']"
37,Hozier,spotify:artist:2FXC3k01G6Gw61bmprjgqS,Someone New - Live,0.415,0.772,"['irish singer-songwriter', 'pop']"
38,Hozier,spotify:artist:2FXC3k01G6Gw61bmprjgqS,Work Song - Live,0.385,0.492,"['irish singer-songwriter', 'pop']"
39,Hozier,spotify:artist:2FXC3k01G6Gw61bmprjgqS,Take Me To Church - Live,0.33,0.741,"['irish singer-songwriter', 'pop']"
40,Hozier,spotify:artist:2FXC3k01G6Gw61bmprjgqS,Problem / Regulate - BBC Live Lounge / 2015,0.518,0.7,"['irish singer-songwriter', 'pop']"
41,Hozier,spotify:artist:2FXC3k01G6Gw61bmprjgqS,Whole Lotta Love - The Dermot O'Leary Saturday Sessions Show / BBC Radio 2 / 2015,0.549,0.474,"['irish singer-songwriter', 'pop']"
42,Hozier,spotify:artist:2FXC3k01G6Gw61bmprjgqS,Do I Wanna Know? - Live At the BBC / 2015,0.435,0.209,"['irish singer-songwriter', 'pop']"
43,Hozier,spotify:artist:2FXC3k01G6Gw61bmprjgqS,Lay Me Down - BBC Live Lounge / 2015,0.639,0.788,"['irish singer-songwriter', 'pop']"
44,Frank Turner,spotify:artist:27M9shmwhIjRo7WntpT9Rp,Peggy Sang The Blues,0.585,0.768,['folk punk']
45,Frank Turner,spotify:artist:27M9shmwhIjRo7WntpT9Rp,I Still Believe,0.618,0.85,['folk punk']
46,Frank Turner,spotify:artist:27M9shmwhIjRo7WntpT9Rp,Rivers,0.279,0.498,['folk punk']
47,Frank Turner,spotify:artist:27M9shmwhIjRo7WntpT9Rp,English Curse,0.709,0.302,['folk punk']
48,Frank Turner,spotify:artist:27M9shmwhIjRo7WntpT9Rp,If Ever I Stray,0.501,0.695,['folk punk']
49,Frank Turner,spotify:artist:27M9shmwhIjRo7WntpT9Rp,Glory Hallelujah,0.622,0.584,['folk punk']
50,Frank Turner,spotify:artist:27M9shmwhIjRo7WntpT9Rp,Eulogy,0.284,0.108,['folk punk']
51,Frank Turner,spotify:artist:27M9shmwhIjRo7WntpT9Rp,I Am Disappeared,0.455,0.794,['folk punk']
52,Frank Turner,spotify:artist:27M9shmwhIjRo7WntpT9Rp,One Foot Before The Other,0.552,0.898,['folk punk']
53,Frank Turner,spotify:artist:27M9shmwhIjRo7WntpT9Rp,Wessex Boy,0.588,0.588,['folk punk']
54,Frank Turner,spotify:artist:27M9shmwhIjRo7WntpT9Rp,Nights Become Days,0.442,0.295,['folk punk']
55,Frank Turner,spotify:artist:27M9shmwhIjRo7WntpT9Rp,Redemption,0.658,0.678,['folk punk']
56,Frank Turner,spotify:artist:27M9shmwhIjRo7WntpT9Rp,Song For Eva Mae,0.51,0.368,['folk punk']
57,Frank Turner,spotify:artist:27M9shmwhIjRo7WntpT9Rp,Wanderlust,0.464,0.532,['folk punk']
58,Frank Turner,spotify:artist:27M9shmwhIjRo7WntpT9Rp,"Balthazar, Impresario",0.354,0.262,['folk punk']
59,Frank Turner,spotify:artist:27M9shmwhIjRo7WntpT9Rp,Peggy Sang The Blues - Acoustic,0.668,0.422,['folk punk']
60,Frank Turner,spotify:artist:27M9shmwhIjRo7WntpT9Rp,I Still Believe - Acoustic,0.537,0.522,['folk punk']
61,Frank Turner,spotify:artist:27M9shmwhIjRo7WntpT9Rp,I Am Disappeared - Acoustic,0.618,0.427,['folk punk']
62,Local Natives,spotify:artist:75dQReiBOHN37fQgWQrIAJ,Ultralight Beam - Spotify Session,0.503,0.0971,"['chamber pop', 'electropop', 'indie folk', 'indie pop', 'indie rock', 'la indie', 'modern rock', 'rock', 'shimmer pop', 'stomp and holler', 'vapor soul']"
63,T-Pain,spotify:artist:3aQeKQSyrW4qWr35idm0cy,5 O'Clock (feat. Lily Allen & Wiz Khalifa),0.4,0.882,"['dance pop', 'hip hop', 'pop', 'pop rap', 'r&b', 'rap', 'southern hip hop', 'trap', 'urban contemporary']"
64,State Champs,spotify:artist:1qqdO7xMptucPDMopsOdkr,Stitches,0.449,0.891,"['anthem emo', 'pixie', 'pop punk']"
65,Dance Gavin Dance,spotify:artist:6guC9FqvlVboSKTI77NG2k,That’s What I Like,0.524,0.931,"['metalcore', 'pixie', 'pop punk', 'sacramento indie', 'screamo', 'swancore']"
66,New Years Day,spotify:artist:7IEyUxk8jyEVz9Zm9H8bfg,Gangsta,0.453,0.939,"['candy pop', 'pixie', 'pop emo', 'slayer']"
67,The Amity Affliction,spotify:artist:6kNKUYGn6VNGsRoXmyoDPK,Can’t Feel My Face,0.234,0.863,"['australian metalcore', 'melodic metalcore', 'metalcore']"
68,Andy Black,spotify:artist:09NYzWfQlunWS3XBZFaDEC,When We Were Young,0.378,0.646,['pixie']
69,Grayscale,spotify:artist:6Xq9CIMYWK4RCrMVtfEOM0,Love Yourself,0.599,0.901,"['anthem emo', 'pop punk']"
70,Capsize,spotify:artist:3Nt2h0gWNi9cxuLeNjOsET,Fake Love,0.327,0.957,['melodic hardcore']
71,Boston Manor,spotify:artist:4WjeQi9wm84lYTIWZ95QoM,Heathens,0.343,0.916,"['alternative emo', 'anthem emo', 'modern alternative rock', 'modern rock', 'pop punk', 'uk pop punk']"
72,Eat Your Heart Out,spotify:artist:1Zj2DULoJ6vo0FZ2R8HM3i,Shape Of You,0.552,0.972,"['anthem emo', 'pixie', 'pop emo', 'pop punk']"
73,The Plot In You,spotify:artist:1cJ5tVoeAEFcZBAwSZ0CtF,Let It Go,0.675,0.446,"['melodic metalcore', 'metalcore', 'post-screamo']"
74,Ice Nine Kills,spotify:artist:52qKfVcIV4GS8A8Vay2xtt,I Don’t Wanna Live Forever,0.504,0.902,"['alternative metal', 'melodic metalcore', 'metalcore', 'post-screamo', 'screamo']"
75,Seaway,spotify:artist:0JXDwBs1sEp6UKoAP58UdF,Closer,0.593,0.505,"['alternative emo', 'anthem emo', 'canadian pop punk', 'canadian punk', 'easycore', 'pop punk']"
76,Too Close To Touch,spotify:artist:2XziUthG3Ug3eiWuE5KRsp,In The Name Of Love,0.331,0.888,"['christian rock', 'metalcore', 'post-screamo']"
77,Antônio Carlos Jobim,spotify:artist:3pO5VjZ4wOHCMBXOvbMISG,Corcovado,0.467,0.554,"['adult standards', 'bossa nova', 'brazilian jazz', 'latin classical', 'mpb', 'violao']"
78,J. Pereira,spotify:artist:29bKEtqeTcBlIMN315PJAI,Falsa Bahiana,0.61,0.554,[]
79,Vinícius,spotify:artist:5b2ylVrhm7GKFoUjuNk1Op,Garota De Ipanema,0.623,0.609,[]
80,Antônio Carlos Jobim,spotify:artist:3pO5VjZ4wOHCMBXOvbMISG,Insensatez,0.31,0.403,"['adult standards', 'bossa nova', 'brazilian jazz', 'latin classical', 'mpb', 'violao']"
81,Antônio Carlos Jobim,spotify:artist:3pO5VjZ4wOHCMBXOvbMISG,Wave,0.52,0.416,"['adult standards', 'bossa nova', 'brazilian jazz', 'latin classical', 'mpb', 'violao']"
82,R. Merescal,spotify:artist:5QVRZzZvjzmYQUbtAwbros,Barquinho,0.685,0.236,[]
83,Antônio Carlos Jobim,spotify:artist:3pO5VjZ4wOHCMBXOvbMISG,Samba De Una Nota So,0.522,0.413,"['adult standards', 'bossa nova', 'brazilian jazz', 'latin classical', 'mpb', 'violao']"
84,Toquinho,spotify:artist:7rPqFVgJYARiFsLDlN6W6y,Turbilaho,0.699,0.336,"['bossa nova', 'mpb', 'samba', 'violao']"
85,Neuza Taixera,spotify:artist:1rEA21C73JkUZViOblOBKJ,O Pato,0.647,0.507,[]
86,Vinícius,spotify:artist:5b2ylVrhm7GKFoUjuNk1Op,Eu Sei Que Vou Te Amar,0.548,0.232,[]
87,Mendoza,spotify:artist:2Lewz10hz3PlHZheu9O39I,Desafinado,0.705,0.411,[]
88,Jorge Ben Jor,spotify:artist:5JYtpnUKxAzXfHEYpOeeit,Mais Que Nada,0.575,0.426,"['bossa nova', 'mangue bit', 'mpb', 'pagode', 'samba', 'samba-rock']"
89,Toquinho,spotify:artist:7rPqFVgJYARiFsLDlN6W6y,Tarde Em Itapuan,0.55,0.311,"['bossa nova', 'mpb', 'samba', 'violao']"
90,Vinícius,spotify:artist:5b2ylVrhm7GKFoUjuNk1Op,Tonga Da Mironga Do Kambulete,0.762,0.559,[]
91,Taylor Swift,spotify:artist:06HL4z0CvFAxyc27GXpf02,Treacherous,0.705,0.611,"['dance pop', 'pop']"
92,Taylor Swift,spotify:artist:06HL4z0CvFAxyc27GXpf02,I Knew You Were Trouble,0.499,0.467,"['dance pop', 'pop']"
93,Taylor Swift,spotify:artist:06HL4z0CvFAxyc27GXpf02,All Too Well,0.606,0.603,"['dance pop', 'pop']"
94,Taylor Swift,spotify:artist:06HL4z0CvFAxyc27GXpf02,22,0.662,0.736,"['dance pop', 'pop']"
95,Taylor Swift,spotify:artist:06HL4z0CvFAxyc27GXpf02,I Almost Do,0.565,0.485,"['dance pop', 'pop']"
96,Taylor Swift,spotify:artist:06HL4z0CvFAxyc27GXpf02,We Are Never Ever Getting Back Together,0.624,0.685,"['dance pop', 'pop']"
97,Taylor Swift,spotify:artist:06HL4z0CvFAxyc27GXpf02,Stay Stay Stay,0.729,0.747,"['dance pop', 'pop']"
98,Death Cab for Cutie,spotify:artist:0YrtvWJMgSdVrk3SfNjTbx,Your Heart Is an Empty Room,0.566,0.621,"['indie pop', 'indie rock', 'modern rock', 'pop rock', 'washington indie']"
99,Death Cab for Cutie,spotify:artist:0YrtvWJMgSdVrk3SfNjTbx,Start Again,0.635,0.806,"['indie pop', 'indie rock', 'modern rock', 'pop rock', 'washington indie']"
100,Death Cab for Cutie,spotify:artist:0YrtvWJMgSdVrk3SfNjTbx,Soul Meets Body,0.63,0.772,"['indie pop', 'indie rock', 'modern rock', 'pop rock', 'washington indie']"
101,Death Cab for Cutie,spotify:artist:0YrtvWJMgSdVrk3SfNjTbx,Summer Skin,0.615,0.476,"['indie pop', 'indie rock', 'modern rock', 'pop rock', 'washington indie']"
102,Death Cab for Cutie,spotify:artist:0YrtvWJMgSdVrk3SfNjTbx,Different Names for the Same Thing,0.369,0.546,"['indie pop', 'indie rock', 'modern rock', 'pop rock', 'washington indie']"
103,Death Cab for Cutie,spotify:artist:0YrtvWJMgSdVrk3SfNjTbx,I Will Follow You into the Dark,0.581,0.163,"['indie pop', 'indie rock', 'modern rock', 'pop rock', 'washington indie']"
104,Death Cab for Cutie,spotify:artist:0YrtvWJMgSdVrk3SfNjTbx,Someday You Will Be Loved,0.556,0.663,"['indie pop', 'indie rock', 'modern rock', 'pop rock', 'washington indie']"
105,Death Cab for Cutie,spotify:artist:0YrtvWJMgSdVrk3SfNjTbx,Crooked Teeth,0.579,0.662,"['indie pop', 'indie rock', 'modern rock', 'pop rock', 'washington indie']"
106,Death Cab for Cutie,spotify:artist:0YrtvWJMgSdVrk3SfNjTbx,What Sarah Said,0.505,0.439,"['indie pop', 'indie rock', 'modern rock', 'pop rock', 'washington indie']"
107,Death Cab for Cutie,spotify:artist:0YrtvWJMgSdVrk3SfNjTbx,Brothers on a Hotel Bed,0.608,0.65,"['indie pop', 'indie rock', 'modern rock', 'pop rock', 'washington indie']"
108,Death Cab for Cutie,spotify:artist:0YrtvWJMgSdVrk3SfNjTbx,Stable Song,0.487,0.22,"['indie pop', 'indie rock', 'modern rock', 'pop rock', 'washington indie']"
109,Death Cab for Cutie,spotify:artist:0YrtvWJMgSdVrk3SfNjTbx,Bad Reputation,0.644,0.861,"['indie pop', 'indie rock', 'modern rock', 'pop rock', 'washington indie']"
110,Death Cab for Cutie,spotify:artist:0YrtvWJMgSdVrk3SfNjTbx,The New Year,0.369,0.761,"['indie pop', 'indie rock', 'modern rock', 'pop rock', 'washington indie']"
111,Death Cab for Cutie,spotify:artist:0YrtvWJMgSdVrk3SfNjTbx,Lightness,0.693,0.398,"['indie pop', 'indie rock', 'modern rock', 'pop rock', 'washington indie']"
112,Death Cab for Cutie,spotify:artist:0YrtvWJMgSdVrk3SfNjTbx,Title And Registration,0.752,0.566,"['indie pop', 'indie rock', 'modern rock', 'pop rock', 'washington indie']"
113,Death Cab for Cutie,spotify:artist:0YrtvWJMgSdVrk3SfNjTbx,Expo '86,0.583,0.598,"['indie pop', 'indie rock', 'modern rock', 'pop rock', 'washington indie']"
114,Death Cab for Cutie,spotify:artist:0YrtvWJMgSdVrk3SfNjTbx,The Sound Of Settling,0.42,0.792,"['indie pop', 'indie rock', 'modern rock', 'pop rock', 'washington indie']"
115,Death Cab for Cutie,spotify:artist:0YrtvWJMgSdVrk3SfNjTbx,Tiny Vessels,0.561,0.662,"['indie pop', 'indie rock', 'modern rock', 'pop rock', 'washington indie']"
116,Death Cab for Cutie,spotify:artist:0YrtvWJMgSdVrk3SfNjTbx,Transatlanticism,0.439,0.469,"['indie pop', 'indie rock', 'modern rock', 'pop rock', 'washington indie']"
117,Death Cab for Cutie,spotify:artist:0YrtvWJMgSdVrk3SfNjTbx,Passenger Seat,0.589,0.119,"['indie pop', 'indie rock', 'modern rock', 'pop rock', 'washington indie']"
118,Death Cab for Cutie,spotify:artist:0YrtvWJMgSdVrk3SfNjTbx,Death Of An Interior Decorator,0.614,0.581,"['indie pop', 'indie rock', 'modern rock', 'pop rock', 'washington indie']"
119,Death Cab for Cutie,spotify:artist:0YrtvWJMgSdVrk3SfNjTbx,We Looked Like Giants,0.227,0.799,"['indie pop', 'indie rock', 'modern rock', 'pop rock', 'washington indie']"
120,Death Cab for Cutie,spotify:artist:0YrtvWJMgSdVrk3SfNjTbx,A Lack Of Color,0.642,0.339,"['indie pop', 'indie rock', 'modern rock', 'pop rock', 'washington indie']"
121,Taylor Swift,spotify:artist:06HL4z0CvFAxyc27GXpf02,Shake It Off,0.647,0.8,"['dance pop', 'pop']"
122,Taylor Swift,spotify:artist:06HL4z0CvFAxyc27GXpf02,Bad Blood,0.646,0.794,"['dance pop', 'pop']"
123,Taylor Swift,spotify:artist:06HL4z0CvFAxyc27GXpf02,I Know Places - Voice Memo,0.592,0.128,"['dance pop', 'pop']"
124,Taylor Swift,spotify:artist:06HL4z0CvFAxyc27GXpf02,I Wish You Would - Voice Memo,0.781,0.357,"['dance pop', 'pop']"
125,Taylor Swift,spotify:artist:06HL4z0CvFAxyc27GXpf02,Blank Space - Voice Memo,0.675,0.234,"['dance pop', 'pop']"
126,ANAVITÓRIA,spotify:artist:1sPg5EHuQXTMElpZ4iUgXe,Singular,0.711,0.5,"['folk brasileiro', 'nova mpb', 'pop nacional', 'portuguese pop']"
127,ANAVITÓRIA,spotify:artist:1sPg5EHuQXTMElpZ4iUgXe,Trevo (Tu),0.668,0.372,"['folk brasileiro', 'nova mpb', 'pop nacional', 'portuguese pop']"
128,G-Eazy,spotify:artist:02kJSzxNuaWGqwubyUba0Z,Intro,0.46,0.315,"['hip hop', 'indie pop rap', 'oakland hip hop', 'pop rap', 'rap']"
129,G-Eazy,spotify:artist:02kJSzxNuaWGqwubyUba0Z,Random,0.607,0.783,"['hip hop', 'indie pop rap', 'oakland hip hop', 'pop rap', 'rap']"
130,G-Eazy,spotify:artist:02kJSzxNuaWGqwubyUba0Z,"Me, Myself & I",0.757,0.672,"['hip hop', 'indie pop rap', 'oakland hip hop', 'pop rap', 'rap']"
131,G-Eazy,spotify:artist:02kJSzxNuaWGqwubyUba0Z,One Of Them (feat. Big Sean),0.597,0.724,"['hip hop', 'indie pop rap', 'oakland hip hop', 'pop rap', 'rap']"
132,G-Eazy,spotify:artist:02kJSzxNuaWGqwubyUba0Z,Drifting (feat. Chris Brown & Tory Lanez),0.523,0.757,"['hip hop', 'indie pop rap', 'oakland hip hop', 'pop rap', 'rap']"
133,G-Eazy,spotify:artist:02kJSzxNuaWGqwubyUba0Z,Of All Things (feat. Too $hort),0.74,0.483,"['hip hop', 'indie pop rap', 'oakland hip hop', 'pop rap', 'rap']"
134,G-Eazy,spotify:artist:02kJSzxNuaWGqwubyUba0Z,Order More (feat. Starrah),0.895,0.437,"['hip hop', 'indie pop rap', 'oakland hip hop', 'pop rap', 'rap']"
135,G-Eazy,spotify:artist:02kJSzxNuaWGqwubyUba0Z,Calm Down,0.537,0.624,"['hip hop', 'indie pop rap', 'oakland hip hop', 'pop rap', 'rap']"
136,G-Eazy,spotify:artist:02kJSzxNuaWGqwubyUba0Z,Don't Let Me Go (feat. SAYGRACE),0.35,0.65,"['hip hop', 'indie pop rap', 'oakland hip hop', 'pop rap', 'rap']"
137,G-Eazy,spotify:artist:02kJSzxNuaWGqwubyUba0Z,You Got Me,0.745,0.635,"['hip hop', 'indie pop rap', 'oakland hip hop', 'pop rap', 'rap']"
138,G-Eazy,spotify:artist:02kJSzxNuaWGqwubyUba0Z,What If (feat. Gizzle),0.519,0.528,"['hip hop', 'indie pop rap', 'oakland hip hop', 'pop rap', 'rap']"
139,G-Eazy,spotify:artist:02kJSzxNuaWGqwubyUba0Z,Some Kind Of Drug (feat. Marc E. Bassy),0.586,0.525,"['hip hop', 'indie pop rap', 'oakland hip hop', 'pop rap', 'rap']"
140,G-Eazy,spotify:artist:02kJSzxNuaWGqwubyUba0Z,Think About You (feat. Quiñ),0.725,0.489,"['hip hop', 'indie pop rap', 'oakland hip hop', 'pop rap', 'rap']"
141,G-Eazy,spotify:artist:02kJSzxNuaWGqwubyUba0Z,Everything Will Be OK (feat. Kehlani),0.567,0.539,"['hip hop', 'indie pop rap', 'oakland hip hop', 'pop rap', 'rap']"
142,G-Eazy,spotify:artist:02kJSzxNuaWGqwubyUba0Z,For This (feat. IAMNOBODI),0.753,0.591,"['hip hop', 'indie pop rap', 'oakland hip hop', 'pop rap', 'rap']"
143,G-Eazy,spotify:artist:02kJSzxNuaWGqwubyUba0Z,Nothing to Me (feat. Keyshia Cole & E-40),0.553,0.596,"['hip hop', 'indie pop rap', 'oakland hip hop', 'pop rap', 'rap']"
144,No Party For Cao Dong,spotify:artist:3HXSUfI76zVZk71UMAeVfp,爛泥,0.708,0.734,"['chinese indie', 'taiwan indie', 'taiwan pop', 'taiwan punk']"
145,No Party For Cao Dong,spotify:artist:3HXSUfI76zVZk71UMAeVfp,勇敢的人,0.719,0.557,"['chinese indie', 'taiwan indie', 'taiwan pop', 'taiwan punk']"
146,No Party For Cao Dong,spotify:artist:3HXSUfI76zVZk71UMAeVfp,大風吹,0.523,0.543,"['chinese indie', 'taiwan indie', 'taiwan pop', 'taiwan punk']"
147,No Party For Cao Dong,spotify:artist:3HXSUfI76zVZk71UMAeVfp,等,0.455,0.929,"['chinese indie', 'taiwan indie', 'taiwan pop', 'taiwan punk']"
148,No Party For Cao Dong,spotify:artist:3HXSUfI76zVZk71UMAeVfp,在,0.534,0.403,"['chinese indie', 'taiwan indie', 'taiwan pop', 'taiwan punk']"
149,No Party For Cao Dong,spotify:artist:3HXSUfI76zVZk71UMAeVfp,情歌,0.433,0.337,"['chinese indie', 'taiwan indie', 'taiwan pop', 'taiwan punk']"
150,No Party For Cao Dong,spotify:artist:3HXSUfI76zVZk71UMAeVfp,Intro,0.675,0.209,"['chinese indie', 'taiwan indie', 'taiwan pop', 'taiwan punk']"
151,No Party For Cao Dong,spotify:artist:3HXSUfI76zVZk71UMAeVfp,醜,0.757,0.65,"['chinese indie', 'taiwan indie', 'taiwan pop', 'taiwan punk']"
152,No Party For Cao Dong,spotify:artist:3HXSUfI76zVZk71UMAeVfp,艾瑪,0.52,0.757,"['chinese indie', 'taiwan indie', 'taiwan pop', 'taiwan punk']"
153,No Party For Cao Dong,spotify:artist:3HXSUfI76zVZk71UMAeVfp,鬼,0.452,0.659,"['chinese indie', 'taiwan indie', 'taiwan pop', 'taiwan punk']"
154,No Party For Cao Dong,spotify:artist:3HXSUfI76zVZk71UMAeVfp,山海,0.564,0.676,"['chinese indie', 'taiwan indie', 'taiwan pop', 'taiwan punk']"
155,No Party For Cao Dong,spotify:artist:3HXSUfI76zVZk71UMAeVfp,我們,0.509,0.503,"['chinese indie', 'taiwan indie', 'taiwan pop', 'taiwan punk']"
156,Hozier,spotify:artist:2FXC3k01G6Gw61bmprjgqS,Take Me To Church,0.566,0.664,"['irish singer-songwriter', 'pop']"
157,Hozier,spotify:artist:2FXC3k01G6Gw61bmprjgqS,Angel Of Small Death & The Codeine Scene,0.377,0.638,"['irish singer-songwriter', 'pop']"
158,Hozier,spotify:artist:2FXC3k01G6Gw61bmprjgqS,Jackie And Wilson,0.566,0.712,"['irish singer-songwriter', 'pop']"
159,Hozier,spotify:artist:2FXC3k01G6Gw61bmprjgqS,Someone New,0.593,0.539,"['irish singer-songwriter', 'pop']"
160,Hozier,spotify:artist:2FXC3k01G6Gw61bmprjgqS,To Be Alone,0.558,0.433,"['irish singer-songwriter', 'pop']"
161,Hozier,spotify:artist:2FXC3k01G6Gw61bmprjgqS,From Eden,0.395,0.676,"['irish singer-songwriter', 'pop']"
162,Hozier,spotify:artist:2FXC3k01G6Gw61bmprjgqS,In A Week,0.481,0.26,"['irish singer-songwriter', 'pop']"
163,Hozier,spotify:artist:2FXC3k01G6Gw61bmprjgqS,Sedated,0.66,0.61,"['irish singer-songwriter', 'pop']"
164,Hozier,spotify:artist:2FXC3k01G6Gw61bmprjgqS,Work Song,0.432,0.388,"['irish singer-songwriter', 'pop']"
165,Hozier,spotify:artist:2FXC3k01G6Gw61bmprjgqS,Like Real People Do,0.569,0.183,"['irish singer-songwriter', 'pop']"
166,Hozier,spotify:artist:2FXC3k01G6Gw61bmprjgqS,It Will Come Back,0.36,0.441,"['irish singer-songwriter', 'pop']"
167,Hozier,spotify:artist:2FXC3k01G6Gw61bmprjgqS,Foreigner's God,0.522,0.458,"['irish singer-songwriter', 'pop']"
168,Hozier,spotify:artist:2FXC3k01G6Gw61bmprjgqS,Cherry Wine - Live,0.418,0.111,"['irish singer-songwriter', 'pop']"
169,Hozier,spotify:artist:2FXC3k01G6Gw61bmprjgqS,In The Woods Somewhere,0.354,0.426,"['irish singer-songwriter', 'pop']"
170,Hozier,spotify:artist:2FXC3k01G6Gw61bmprjgqS,Run,0.355,0.394,"['irish singer-songwriter', 'pop']"
171,Hozier,spotify:artist:2FXC3k01G6Gw61bmprjgqS,Arsonist's Lullabye,0.281,0.426,"['irish singer-songwriter', 'pop']"
172,Hozier,spotify:artist:2FXC3k01G6Gw61bmprjgqS,My Love Will Never Die,0.613,0.0532,"['irish singer-songwriter', 'pop']"
173,Luke Christopher,spotify:artist:787bCXOIvGeBw0Bc4kEjhD,Lot to Learn,0.405,0.846,"['indie pop rap', 'pop rap']"
174,Alessia Cara,spotify:artist:2wUjUUtkb5lvLKcGKsKqsR,Scars To Your Beautiful,0.573,0.739,"['canadian contemporary r&b', 'canadian pop', 'dance pop', 'electropop', 'pop', 'post-teen pop']"
175,The Killers,spotify:artist:0C0XlULifJtAgn6ZNCW2eu,Losing Touch,0.548,0.879,"['modern rock', 'permanent wave', 'rock']"
176,The Killers,spotify:artist:0C0XlULifJtAgn6ZNCW2eu,Human,0.547,0.837,"['modern rock', 'permanent wave', 'rock']"
177,The Killers,spotify:artist:0C0XlULifJtAgn6ZNCW2eu,Spaceman,0.526,0.924,"['modern rock', 'permanent wave', 'rock']"
178,The Killers,spotify:artist:0C0XlULifJtAgn6ZNCW2eu,Joy Ride,0.693,0.94,"['modern rock', 'permanent wave', 'rock']"
179,The Killers,spotify:artist:0C0XlULifJtAgn6ZNCW2eu,A Dustland Fairytale,0.438,0.869,"['modern rock', 'permanent wave', 'rock']"
180,The Killers,spotify:artist:0C0XlULifJtAgn6ZNCW2eu,This Is Your Life,0.613,0.913,"['modern rock', 'permanent wave', 'rock']"
181,The Killers,spotify:artist:0C0XlULifJtAgn6ZNCW2eu,I Can't Stay,0.538,0.849,"['modern rock', 'permanent wave', 'rock']"
182,The Killers,spotify:artist:0C0XlULifJtAgn6ZNCW2eu,Neon Tiger,0.396,0.812,"['modern rock', 'permanent wave', 'rock']"
183,The Killers,spotify:artist:0C0XlULifJtAgn6ZNCW2eu,The World We Live In,0.593,0.871,"['modern rock', 'permanent wave', 'rock']"
184,The Killers,spotify:artist:0C0XlULifJtAgn6ZNCW2eu,"Goodnight, Travel Well",0.401,0.483,"['modern rock', 'permanent wave', 'rock']"
185,Emicida,spotify:artist:2d9LRvQJnAXRijqIJDDs2K,Boa Esperança (feat. Jota Ghetto),0.573,0.969,"['afrofuturismo brasileiro', 'brazilian hip hop', 'brazilian rock', 'funk ostentacao', 'hip hop tuga', 'mangue bit']"
186,Los Hermanos,spotify:artist:7Brxri4l1ATShikyHXsEr6,Dois Barcos,0.605,0.38,"['brazilian rock', 'mpb', 'nova mpb', 'rock alternativo brasileiro', 'rock gaucho', 'rock nacional brasileiro']"
187,Los Hermanos,spotify:artist:7Brxri4l1ATShikyHXsEr6,Primeiro Andar,0.677,0.681,"['brazilian rock', 'mpb', 'nova mpb', 'rock alternativo brasileiro', 'rock gaucho', 'rock nacional brasileiro']"
188,Los Hermanos,spotify:artist:7Brxri4l1ATShikyHXsEr6,Fez-Se Mar,0.739,0.279,"['brazilian rock', 'mpb', 'nova mpb', 'rock alternativo brasileiro', 'rock gaucho', 'rock nacional brasileiro']"
189,Los Hermanos,spotify:artist:7Brxri4l1ATShikyHXsEr6,Paquetá,0.761,0.593,"['brazilian rock', 'mpb', 'nova mpb', 'rock alternativo brasileiro', 'rock gaucho', 'rock nacional brasileiro']"
190,Los Hermanos,spotify:artist:7Brxri4l1ATShikyHXsEr6,Os Pássaros,0.514,0.428,"['brazilian rock', 'mpb', 'nova mpb', 'rock alternativo brasileiro', 'rock gaucho', 'rock nacional brasileiro']"
191,Los Hermanos,spotify:artist:7Brxri4l1ATShikyHXsEr6,Morena,0.921,0.342,"['brazilian rock', 'mpb', 'nova mpb', 'rock alternativo brasileiro', 'rock gaucho', 'rock nacional brasileiro']"
192,Los Hermanos,spotify:artist:7Brxri4l1ATShikyHXsEr6,O Vento,0.665,0.685,"['brazilian rock', 'mpb', 'nova mpb', 'rock alternativo brasileiro', 'rock gaucho', 'rock nacional brasileiro']"
193,Los Hermanos,spotify:artist:7Brxri4l1ATShikyHXsEr6,Horizonte Distante,0.559,0.548,"['brazilian rock', 'mpb', 'nova mpb', 'rock alternativo brasileiro', 'rock gaucho', 'rock nacional brasileiro']"
194,Los Hermanos,spotify:artist:7Brxri4l1ATShikyHXsEr6,Condicional,0.579,0.883,"['brazilian rock', 'mpb', 'nova mpb', 'rock alternativo brasileiro', 'rock gaucho', 'rock nacional brasileiro']"
195,Los Hermanos,spotify:artist:7Brxri4l1ATShikyHXsEr6,Sapato Novo,0.499,0.0906,"['brazilian rock', 'mpb', 'nova mpb', 'rock alternativo brasileiro', 'rock gaucho', 'rock nacional brasileiro']"
196,Los Hermanos,spotify:artist:7Brxri4l1ATShikyHXsEr6,Pois é,0.664,0.328,"['brazilian rock', 'mpb', 'nova mpb', 'rock alternativo brasileiro', 'rock gaucho', 'rock nacional brasileiro']"
197,Los Hermanos,spotify:artist:7Brxri4l1ATShikyHXsEr6,É de Lágrima,0.197,0.165,"['brazilian rock', 'mpb', 'nova mpb', 'rock alternativo brasileiro', 'rock gaucho', 'rock nacional brasileiro']"
198,Los Hermanos,spotify:artist:7Brxri4l1ATShikyHXsEr6,Anna Júlia,0.427,0.817,"['brazilian rock', 'mpb', 'nova mpb', 'rock alternativo brasileiro', 'rock gaucho', 'rock nacional brasileiro']"
199,Los Hermanos,spotify:artist:7Brxri4l1ATShikyHXsEr6,Quem Sabe,0.434,0.885,"['brazilian rock', 'mpb', 'nova mpb', 'rock alternativo brasileiro', 'rock gaucho', 'rock nacional brasileiro']"
